period_type,hour,crime_count,is_peak,month,display,year,pct_change,0,1,2,3,4,5,6,7,8,9,10,11,12,13,14,15,16,17,18,19,20,21,22,23,TIME_BLOCK,OCC_DOW,MCI_CATEGORY,count
hourly,0.0,33230.0,True,,,,,,,,,,,,,,,,,,,,,,,,,,,,,,,,
hourly,1.0,18708.0,False,,,,,,,,,,,,,,,,,,,,,,,,,,,,,,,,
hourly,2.0,18493.0,False,,,,,,,,,,,,,,,,,,,,,,,,,,,,,,,,
hourly,3.0,15814.0,False,,,,,,,,,,,,,,,,,,,,,,,,,,,,,,,,
hourly,4.0,12607.0,False,,,,,,,,,,,,,,,,,,,,,,,,,,,,,,,,
hourly,5.0,9659.0,False,,,,,,,,,,,,,,,,,,,,,,,,,,,,,,,,
hourly,6.0,8320.0,False,,,,,,,,,,,,,,,,,,,,,,,,,,,,,,,,
hourly,7.0,9729.0,False,,,,,,,,,,,,,,,,,,,,,,,,,,,,,,,,
hourly,8.0,13279.0,False,,,,,,,,,,,,,,,,,,,,,,,,,,,,,,,,
hourly,9.0,15343.0,False,,,,,,,,,,,,,,,,,,,,,,,,,,,,,,,,
hourly,10.0,15779.0,False,,,,,,,,,,,,,,,,,,,,,,,,,,,,,,,,
hourly,11.0,16536.0,False,,,,,,,,,,,,,,,,,,,,,,,,,,,,,,,,
hourly,12.0,25143.0,False,,,,,,,,,,,,,,,,,,,,,,,,,,,,,,,,
hourly,13.0,17826.0,False,,,,,,,,,,,,,,,,,,,,,,,,,,,,,,,,
hourly,14.0,19261.0,False,,,,,,,,,,,,,,,,,,,,,,,,,,,,,,,,
hourly,15.0,22379.0,False,,,,,,,,,,,,,,,,,,,,,,,,,,,,,,,,
hourly,16.0,21625.0,False,,,,,,,,,,,,,,,,,,,,,,,,,,,,,,,,
hourly,17.0,23450.0,False,,,,,,,,,,,,,,,,,,,,,,,,,,,,,,,,
hourly,18.0,25456.0,False,,,,,,,,,,,,,,,,,,,,,,,,,,,,,,,,
hourly,19.0,24496.0,False,,,,,,,,,,,,,,,,,,,,,,,,,,,,,,,,
hourly,20.0,25547.0,False,,,,,,,,,,,,,,,,,,,,,,,,,,,,,,,,
hourly,21.0,25582.0,False,,,,,,,,,,,,,,,,,,,,,,,,,,,,,,,,
hourly,22.0,25323.0,False,,,,,,,,,,,,,,,,,,,,,,,,,,,,,,,,
hourly,23.0,24282.0,False,,,,,,,,,,,,,,,,,,,,,,,,,,,,,,,,
monthly,,40378.0,False,January,Jan,,,,,,,,,,,,,,,,,,,,,,,,,,,,,,
monthly,,35867.0,False,February,Feb,,,,,,,,,,,,,,,,,,,,,,,,,,,,,,
monthly,,39555.0,False,March,Mar,,,,,,,,,,,,,,,,,,,,,,,,,,,,,,
monthly,,35967.0,False,April,Apr,,,,,,,,,,,,,,,,,,,,,,,,,,,,,,
monthly,,39432.0,False,May,May,,,,,,,,,,,,,,,,,,,,,,,,,,,,,,
monthly,,39538.0,False,June,Jun,,,,,,,,,,,,,,,,,,,,,,,,,,,,,,
monthly,,40422.0,True,July,Jul,,,,,,,,,,,,,,,,,,,,,,,,,,,,,,
monthly,,40377.0,False,August,Aug,,,,,,,,,,,,,,,,,,,,,,,,,,,,,,
monthly,,39388.0,False,September,Sep,,,,,,,,,,,,,,,,,,,,,,,,,,,,,,
monthly,,40244.0,False,October,Oct,,,,,,,,,,,,,,,,,,,,,,,,,,,,,,
monthly,,39129.0,False,November,Nov,,,,,,,,,,,,,,,,,,,,,,,,,,,,,,
monthly,,37429.0,False,December,Dec,,,,,,,,,,,,,,,,,,,,,,,,,,,,,,
yearly,,27.0,,,,2000.0,,,,,,,,,,,,,,,,,,,,,,,,,,,,,
yearly,,24.0,,,,2001.0,-11.111111111111116,,,,,,,,,,,,,,,,,,,,,,,,,,,,
yearly,,23.0,,,,2002.0,-4.1666666666666625,,,,,,,,,,,,,,,,,,,,,,,,,,,,
yearly,,20.0,,,,2003.0,-13.043478260869568,,,,,,,,,,,,,,,,,,,,,,,,,,,,
yearly,,43.0,,,,2004.0,114.99999999999999,,,,,,,,,,,,,,,,,,,,,,,,,,,,
yearly,,43.0,,,,2005.0,0.0,,,,,,,,,,,,,,,,,,,,,,,,,,,,
yearly,,27.0,,,,2006.0,-37.2093023255814,,,,,,,,,,,,,,,,,,,,,,,,,,,,
yearly,,38.0,,,,2007.0,40.74074074074075,,,,,,,,,,,,,,,,,,,,,,,,,,,,
yearly,,58.0,,,,2008.0,52.63157894736843,,,,,,,,,,,,,,,,,,,,,,,,,,,,
yearly,,91.0,,,,2009.0,56.89655172413792,,,,,,,,,,,,,,,,,,,,,,,,,,,,
yearly,,126.0,,,,2010.0,38.46153846153846,,,,,,,,,,,,,,,,,,,,,,,,,,,,
yearly,,160.0,,,,2011.0,26.984126984126977,,,,,,,,,,,,,,,,,,,,,,,,,,,,
yearly,,222.0,,,,2012.0,38.74999999999999,,,,,,,,,,,,,,,,,,,,,,,,,,,,
yearly,,632.0,,,,2013.0,184.68468468468467,,,,,,,,,,,,,,,,,,,,,,,,,,,,
yearly,,32101.0,,,,2014.0,4979.272151898735,,,,,,,,,,,,,,,,,,,,,,,,,,,,
yearly,,32803.0,,,,2015.0,2.1868477617519755,,,,,,,,,,,,,,,,,,,,,,,,,,,,
yearly,,33313.0,,,,2016.0,1.5547358473310346,,,,,,,,,,,,,,,,,,,,,,,,,,,,
yearly,,35135.0,,,,2017.0,5.469336295140037,,,,,,,,,,,,,,,,,,,,,,,,,,,,
yearly,,37119.0,,,,2018.0,5.646790949195957,,,,,,,,,,,,,,,,,,,,,,,,,,,,
yearly,,39316.0,,,,2019.0,5.918801691855924,,,,,,,,,,,,,,,,,,,,,,,,,,,,
yearly,,34897.0,,,,2020.0,-11.23969885034083,,,,,,,,,,,,,,,,,,,,,,,,,,,,
yearly,,34487.0,,,,2021.0,-1.174886093360461,,,,,,,,,,,,,,,,,,,,,,,,,,,,
yearly,,41249.0,,,,2022.0,19.60738829124018,,,,,,,,,,,,,,,,,,,,,,,,,,,,
yearly,,49087.0,,,,2023.0,19.001672767824672,,,,,,,,,,,,,,,,,,,,,,,,,,,,
yearly,,46171.0,,,,2024.0,-5.9404730376678145,,,,,,,,,,,,,,,,,,,,,,,,,,,,
yearly,,41141.0,,,,2025.0,-10.894284291005174,,,,,,,,,,,,,,,,,,,,,,,,,,,,
yearly,,9373.0,,,,2026.0,-77.21737439537202,,,,,,,,,,,,,,,,,,,,,,,,,,,,
dow_hour_df,,,,,,,,4682.0,2342.0,2312.0,2152.0,1662.0,1307.0,1126.0,1501.0,2059.0,2336.0,2312.0,2400.0,3733.0,2536.0,2738.0,3300.0,3047.0,3087.0,3606.0,3479.0,3604.0,3492.0,3503.0,3138.0,,,,
dow_hour_df,,,,,,,,4255.0,2078.0,2048.0,1832.0,1543.0,1249.0,1098.0,1433.0,2127.0,2305.0,2418.0,2464.0,3807.0,2587.0,2797.0,3253.0,3030.0,3366.0,3558.0,3527.0,3704.0,3576.0,3570.0,3155.0,,,,
dow_hour_df,,,,,,,,4450.0,2277.0,2093.0,1798.0,1572.0,1255.0,1111.0,1526.0,2124.0,2393.0,2477.0,2493.0,3832.0,2651.0,2851.0,3436.0,3143.0,3415.0,3721.0,3435.0,3559.0,3550.0,3587.0,3321.0,,,,
dow_hour_df,,,,,,,,4365.0,2317.0,2206.0,1974.0,1562.0,1217.0,1175.0,1499.0,2158.0,2341.0,2535.0,2503.0,3707.0,2598.0,2770.0,3312.0,3152.0,3414.0,3569.0,3571.0,3537.0,3675.0,3561.0,3430.0,,,,
dow_hour_df,,,,,,,,4787.0,2489.0,2365.0,2071.0,1760.0,1377.0,1190.0,1417.0,2076.0,2364.0,2350.0,2501.0,3900.0,2780.0,2912.0,3491.0,3426.0,3802.0,4100.0,3736.0,3982.0,3920.0,3757.0,3933.0,,,,
dow_hour_df,,,,,,,,5228.0,3412.0,3631.0,2904.0,2213.0,1572.0,1317.0,1187.0,1422.0,1885.0,1917.0,2105.0,3231.0,2399.0,2657.0,2846.0,3069.0,3301.0,3562.0,3503.0,3557.0,3792.0,3851.0,3967.0,,,,
dow_hour_df,,,,,,,,5394.0,3791.0,3838.0,3083.0,2294.0,1682.0,1302.0,1159.0,1309.0,1710.0,1767.0,2070.0,2911.0,2273.0,2525.0,2740.0,2755.0,3064.0,3339.0,3245.0,3604.0,3574.0,3493.0,3338.0,,,,
timeblock_dow_cat,,,,,,,,,,,,,,,,,,,,,,,,,,,,,,,,07-15h,Friday,Crimes Against Person,12573.0
timeblock_dow_cat,,,,,,,,,,,,,,,,,,,,,,,,,,,,,,,,07-15h,Friday,Other Crimes,7011.0
timeblock_dow_cat,,,,,,,,,,,,,,,,,,,,,,,,,,,,,,,,07-15h,Friday,Theft Over,716.0
timeblock_dow_cat,,,,,,,,,,,,,,,,,,,,,,,,,,,,,,,,07-15h,Monday,Crimes Against Person,12490.0
timeblock_dow_cat,,,,,,,,,,,,,,,,,,,,,,,,,,,,,,,,07-15h,Monday,Other Crimes,6478.0
timeblock_dow_cat,,,,,,,,,,,,,,,,,,,,,,,,,,,,,,,,07-15h,Monday,Theft Over,647.0
timeblock_dow_cat,,,,,,,,,,,,,,,,,,,,,,,,,,,,,,,,07-15h,Saturday,Crimes Against Person,11009.0
timeblock_dow_cat,,,,,,,,,,,,,,,,,,,,,,,,,,,,,,,,07-15h,Saturday,Other Crimes,5239.0
timeblock_dow_cat,,,,,,,,,,,,,,,,,,,,,,,,,,,,,,,,07-15h,Saturday,Theft Over,555.0
timeblock_dow_cat,,,,,,,,,,,,,,,,,,,,,,,,,,,,,,,,07-15h,Sunday,Crimes Against Person,10643.0
timeblock_dow_cat,,,,,,,,,,,,,,,,,,,,,,,,,,,,,,,,07-15h,Sunday,Other Crimes,4614.0
timeblock_dow_cat,,,,,,,,,,,,,,,,,,,,,,,,,,,,,,,,07-15h,Sunday,Theft Over,467.0
timeblock_dow_cat,,,,,,,,,,,,,,,,,,,,,,,,,,,,,,,,07-15h,Thursday,Crimes Against Person,12637.0
timeblock_dow_cat,,,,,,,,,,,,,,,,,,,,,,,,,,,,,,,,07-15h,Thursday,Other Crimes,6835.0
timeblock_dow_cat,,,,,,,,,,,,,,,,,,,,,,,,,,,,,,,,07-15h,Thursday,Theft Over,639.0
timeblock_dow_cat,,,,,,,,,,,,,,,,,,,,,,,,,,,,,,,,07-15h,Tuesday,Crimes Against Person,12555.0
timeblock_dow_cat,,,,,,,,,,,,,,,,,,,,,,,,,,,,,,,,07-15h,Tuesday,Other Crimes,6727.0
timeblock_dow_cat,,,,,,,,,,,,,,,,,,,,,,,,,,,,,,,,07-15h,Tuesday,Theft Over,656.0
timeblock_dow_cat,,,,,,,,,,,,,,,,,,,,,,,,,,,,,,,,07-15h,Wednesday,Crimes Against Person,12906.0
timeblock_dow_cat,,,,,,,,,,,,,,,,,,,,,,,,,,,,,,,,07-15h,Wednesday,Other Crimes,6765.0
timeblock_dow_cat,,,,,,,,,,,,,,,,,,,,,,,,,,,,,,,,07-15h,Wednesday,Theft Over,676.0
timeblock_dow_cat,,,,,,,,,,,,,,,,,,,,,,,,,,,,,,,,15-23h,Friday,Crimes Against Person,18493.0
timeblock_dow_cat,,,,,,,,,,,,,,,,,,,,,,,,,,,,,,,,15-23h,Friday,Other Crimes,11001.0
timeblock_dow_cat,,,,,,,,,,,,,,,,,,,,,,,,,,,,,,,,15-23h,Friday,Theft Over,720.0
timeblock_dow_cat,,,,,,,,,,,,,,,,,,,,,,,,,,,,,,,,15-23h,Monday,Crimes Against Person,17154.0
timeblock_dow_cat,,,,,,,,,,,,,,,,,,,,,,,,,,,,,,,,15-23h,Monday,Other Crimes,9434.0
timeblock_dow_cat,,,,,,,,,,,,,,,,,,,,,,,,,,,,,,,,15-23h,Monday,Theft Over,530.0
timeblock_dow_cat,,,,,,,,,,,,,,,,,,,,,,,,,,,,,,,,15-23h,Saturday,Crimes Against Person,17782.0
timeblock_dow_cat,,,,,,,,,,,,,,,,,,,,,,,,,,,,,,,,15-23h,Saturday,Other Crimes,9141.0
timeblock_dow_cat,,,,,,,,,,,,,,,,,,,,,,,,,,,,,,,,15-23h,Saturday,Theft Over,558.0
timeblock_dow_cat,,,,,,,,,,,,,,,,,,,,,,,,,,,,,,,,15-23h,Sunday,Crimes Against Person,16444.0
timeblock_dow_cat,,,,,,,,,,,,,,,,,,,,,,,,,,,,,,,,15-23h,Sunday,Other Crimes,8885.0
timeblock_dow_cat,,,,,,,,,,,,,,,,,,,,,,,,,,,,,,,,15-23h,Sunday,Theft Over,485.0
timeblock_dow_cat,,,,,,,,,,,,,,,,,,,,,,,,,,,,,,,,15-23h,Thursday,Crimes Against Person,17014.0
timeblock_dow_cat,,,,,,,,,,,,,,,,,,,,,,,,,,,,,,,,15-23h,Thursday,Other Crimes,10177.0
timeblock_dow_cat,,,,,,,,,,,,,,,,,,,,,,,,,,,,,,,,15-23h,Thursday,Theft Over,600.0
timeblock_dow_cat,,,,,,,,,,,,,,,,,,,,,,,,,,,,,,,,15-23h,Tuesday,Crimes Against Person,17241.0
timeblock_dow_cat,,,,,,,,,,,,,,,,,,,,,,,,,,,,,,,,15-23h,Tuesday,Other Crimes,9764.0
timeblock_dow_cat,,,,,,,,,,,,,,,,,,,,,,,,,,,,,,,,15-23h,Tuesday,Theft Over,579.0
timeblock_dow_cat,,,,,,,,,,,,,,,,,,,,,,,,,,,,,,,,15-23h,Wednesday,Crimes Against Person,17168.0
timeblock_dow_cat,,,,,,,,,,,,,,,,,,,,,,,,,,,,,,,,15-23h,Wednesday,Other Crimes,10085.0
timeblock_dow_cat,,,,,,,,,,,,,,,,,,,,,,,,,,,,,,,,15-23h,Wednesday,Theft Over,593.0
timeblock_dow_cat,,,,,,,,,,,,,,,,,,,,,,,,,,,,,,,,23-07h,Friday,Crimes Against Person,10447.0
timeblock_dow_cat,,,,,,,,,,,,,,,,,,,,,,,,,,,,,,,,23-07h,Friday,Other Crimes,9133.0
timeblock_dow_cat,,,,,,,,,,,,,,,,,,,,,,,,,,,,,,,,23-07h,Friday,Theft Over,392.0
timeblock_dow_cat,,,,,,,,,,,,,,,,,,,,,,,,,,,,,,,,23-07h,Monday,Crimes Against Person,9141.0
timeblock_dow_cat,,,,,,,,,,,,,,,,,,,,,,,,,,,,,,,,23-07h,Monday,Other Crimes,9235.0
timeblock_dow_cat,,,,,,,,,,,,,,,,,,,,,,,,,,,,,,,,23-07h,Monday,Theft Over,345.0
timeblock_dow_cat,,,,,,,,,,,,,,,,,,,,,,,,,,,,,,,,23-07h,Saturday,Crimes Against Person,14864.0
timeblock_dow_cat,,,,,,,,,,,,,,,,,,,,,,,,,,,,,,,,23-07h,Saturday,Other Crimes,9056.0
timeblock_dow_cat,,,,,,,,,,,,,,,,,,,,,,,,,,,,,,,,23-07h,Saturday,Theft Over,324.0
timeblock_dow_cat,,,,,,,,,,,,,,,,,,,,,,,,,,,,,,,,23-07h,Sunday,Crimes Against Person,15288.0
timeblock_dow_cat,,,,,,,,,,,,,,,,,,,,,,,,,,,,,,,,23-07h,Sunday,Other Crimes,9072.0
timeblock_dow_cat,,,,,,,,,,,,,,,,,,,,,,,,,,,,,,,,23-07h,Sunday,Theft Over,362.0
timeblock_dow_cat,,,,,,,,,,,,,,,,,,,,,,,,,,,,,,,,23-07h,Thursday,Crimes Against Person,8869.0
timeblock_dow_cat,,,,,,,,,,,,,,,,,,,,,,,,,,,,,,,,23-07h,Thursday,Other Crimes,9052.0
timeblock_dow_cat,,,,,,,,,,,,,,,,,,,,,,,,,,,,,,,,23-07h,Thursday,Theft Over,325.0
timeblock_dow_cat,,,,,,,,,,,,,,,,,,,,,,,,,,,,,,,,23-07h,Tuesday,Crimes Against Person,8056.0
timeblock_dow_cat,,,,,,,,,,,,,,,,,,,,,,,,,,,,,,,,23-07h,Tuesday,Other Crimes,8888.0
timeblock_dow_cat,,,,,,,,,,,,,,,,,,,,,,,,,,,,,,,,23-07h,Tuesday,Theft Over,314.0
timeblock_dow_cat,,,,,,,,,,,,,,,,,,,,,,,,,,,,,,,,23-07h,Wednesday,Crimes Against Person,8651.0
timeblock_dow_cat,,,,,,,,,,,,,,,,,,,,,,,,,,,,,,,,23-07h,Wednesday,Other Crimes,8867.0
timeblock_dow_cat,,,,,,,,,,,,,,,,,,,,,,,,,,,,,,,,23-07h,Wednesday,Theft Over,359.0
